,google search,key,page,abs Pos,title,link
0,dieta dimagrante,www.benessereevita.it,3,32,Tipi di dieta dimagrante - Benessere è Vita,https://www.benessereevita.it/-nutrizione/tipi-di-diete-dimagranti
1,tisana zenzero,www.benessereevita.it,3,29,Tisana zenzero e curcuma - Benessere è Vita,https://www.benessereevita.it/ricette/tisane/tisana-zenzero-e-curcuma
2,partita iva nutrizionista,www.benessereevita.it,1,11,Aprire Partita IVA Nutrizionista 2019 - Benessere è Vita,https://www.benessereevita.it/-nutrizione/aprire-partita-iva-nutrizionista
3,nutrizionista napoli,www.benessereevita.it,3,29,Nutrizionista napoli | Benessere è Vita,https://www.benessereevita.it/nutrizionista-napoli
4,peperoncino benefici,www.benessereevita.it,3,26,Peperoncino proprietà e benefici - Benessere è Vita,https://www.benessereevita.it/-nutrizione/peperoncino-proprieta-e-benefici
5,proprietà peperoncino,www.benessereevita.it,4,37,Peperoncino proprietà e benefici - Benessere è Vita,https://www.benessereevita.it/-nutrizione/peperoncino-proprieta-e-benefici
6,Hydrobike,www.benessereevita.it,2,16,Dimagrire con Hydrobike - Benessere è Vita,https://www.benessereevita.it/-fitness/dimagrire-con-hydrobike
7,Hydrobike per dimagrire,www.benessereevita.it,1,11,Dimagrire con Hydrobike - Benessere è Vita,https://www.benessereevita.it/-fitness/dimagrire-con-hydrobike
8,Tisana zenzero e cannella,www.benessereevita.it,1,11,Tisana zenzero e cannella proprietà - Benessere è Vita,https://www.benessereevita.it/ricette/tisane/tisana-zenzero-e-cannella
9,Tisana curcuma,www.benessereevita.it,1,11,Tisana zenzero e curcuma - Benessere è Vita,https://www.benessereevita.it/ricette/tisane/tisana-zenzero-e-curcuma
10,curcuma proprietà,www.benessereevita.it,5,51,Curcuma proprietà e benefici - Benessere è Vita,https://www.benessereevita.it/-nutrizione/curcuma-proprieta-e-benefici
11,Zenzero proprietà,www.benessereevita.it,6,63,A cosa serve lo zenzero benefici e proprietà - Benessere è Vita,https://www.benessereevita.it/-nutrizione/zenzero-cosa-serve
12,Nutrizionista a Napoli,www.benessereevita.it,4,38,Nutrizionista napoli | Benessere è Vita,https://www.benessereevita.it/nutrizionista-napoli
13,Nutrizionista crotone,www.benessereevita.it,1,7,Nutrizionista crotone | Benessere è Vita,https://www.benessereevita.it/nutrizionista-crotone
14,Nutrizionista Firenze,www.benessereevita.it,3,32,Nutrizionista firenze | Benessere è Vita,https://www.benessereevita.it/nutrizionista-firenze
15,Nutrizionista Latina,www.benessereevita.it,2,21,Nutrizionista latina | Benessere è Vita,https://www.benessereevita.it/nutrizionista-latina
